{
  "accuracy": 0.45459871118922085,
  "macro_recall": 0.4355693674431409,
  "weighted_recall": 0.45459871118922085,
  "per_class_recall": {
    "clean": 1.0,
    "scratch": 0.8619102416570771,
    "particle": 0.11538461538461539,
    "bridge": 0.14330218068535824,
    "contamination": 0.02376599634369287,
    "coating_defect": 0.3783783783783784,
    "etch_defect": 0.3188622754491018,
    "other": 0.6429512516469038
  }
}