{
  "accuracy": 0.5093731693028706,
  "macro_recall": 0.5627650535041131,
  "weighted_recall": 0.5093731693028706,
  "per_class_recall": {
    "clean": 0.9735327963176065,
    "scratch": 0.308300395256917,
    "particle": 0.4041916167664671,
    "bridge": 1.0,
    "contamination": 0.411214953271028,
    "coating_defect": 0.46634615384615385,
    "etch_defect": 0.23583180987202926,
    "other": 0.7027027027027027
  }
}